slug,beta,n_bytes,opnorm_lag1,opnorm_lag2,opnorm_lag4,opnorm_lag8,opnorm_lag16,opnorm_lag32,opnorm_lag64,opnorm_lag128,opnorm_lag256,opnorm_lag512
toucan-15m-kimi-k2,0.1952,8388608,0.0379585,0.0275255,0.0218211,0.0179888,0.0153093,0.0172948,0.016476,0.0153388,0.0145183,0.0132843
swe-zero-12m-traj,0.2812,8388608,0.0258781,0.0197835,0.0153304,0.0115756,0.00881646,0.0090316,0.00851188,0.00639873,0.00559247,0.00499238
jetbrains-swe-test-minus-verified,0.5162,8388608,0.0740402,0.057697,0.0344091,0.0388747,0.00773388,0.00964762,0.0142242,0.0127821,0.0119344,0.00969914
weblinx-actions,0.262,1599183,0.02903,0.0244717,0.0237222,0.0175365,0.0149595,0.0167713,0.00799821,0.00513883,0.00143213,0.000475275
apigen-mt-5k,0.296,8388608,0.035625,0.0306469,0.0137506,0.0117888,0.00882122,0.0145325,0.0100102,0.00790495,0.00528675,0.00182505
agentnet-text,1.299,8388608,0.042232,0.0366045,0.0139458,0.00452067,0.00156144,0.000728288,0.000267345,0.000275058,0.000255722,0.000211488
glaive-fc-v2,0.2705,3410818,0.0398746,0.0336059,0.0357364,0.0183816,0.0095031,0.0185612,0.0160036,0.0137518,0.00810578,0.00333361
